request_id,amount_safe_to_pay,affordability_status,recommended_payment_method,payment_plan,earliest_date_for_full_payment,spending_changes_needed,decision_explanation
request_26,15656000,affordable_now,full_payment,2025-08-03:15656000,2025-08-03,none,"Pay IDR 15,656,000 today. This leaves at least IDR 41,638,792.10 available over the next 90 days."
request_27,6670,affordable_now,full_payment,2026-07-05:6670,2026-07-05,none,"Pay ZAR 6,670 today. This leaves at least ZAR 55,792.08 available over the next 90 days."
request_28,427.92,affordable_later,wait,2024-07-15:1302.4,2024-07-15,none,"Pay EUR 1,302.40 in full on 15 July 2024. Paying earlier would take the balance below the EUR 1,100 minimum."
request_29,26924.34,not_affordable,not_recommended,none,,none,"Do not proceed with the ZAR 51,524 request. Although ZAR 26,924.34 is available today, the full amount cannot be completed safely within 90 days."
request_30,775.2,affordable_with_plan,installments,2026-04-06:268.74|2026-05-06:268.74|2026-06-05:268.74,2026-04-06,none,"Use 3 installments of USD 268.74, starting 6 April 2026. This leaves at least USD 1,000.83 available."
request_31,5428286.42,affordable_later,wait,2024-10-15:18164000,2024-10-15,none,"Pay IDR 18,164,000 in full on 15 October 2024. Paying earlier would take the balance below the IDR 16,588,900 minimum."
request_32,0,not_affordable,not_recommended,none,,none,"Do not make this payment by 15 April 2025. None of the available options keeps the ZAR 35,700 minimum protected."
request_33,46085.73,affordable_later,wait,2026-01-15:118000,2026-01-15,none,"Pay INR 118,000 in full on 15 January 2026. Paying earlier would take the balance below the INR 102,100 minimum."
request_34,129400,affordable_now,full_payment,2024-12-04:129400,2024-12-04,none,"Pay INR 129,400 today. This leaves at least INR 176,448.55 available over the next 90 days."
request_35,52003.28,affordable_later,wait,2025-12-15:212000,2025-12-15,none,"Pay INR 212,000 in full on 15 December 2025. Paying earlier would take the balance below the INR 106,400 minimum."
request_36,792.69,affordable_later,wait,2026-08-15:3954,2026-08-15,none,"Pay USD 3,954 in full on 15 August 2026. Paying earlier would take the balance below the USD 2,400 minimum."
request_37,6813645.37,affordable_later,wait,2024-03-15:14649000,2024-03-15,none,"Pay IDR 14,649,000 in full on 15 March 2024. Paying earlier would take the balance below the IDR 17,056,200 minimum."
request_38,222.33,affordable_later,wait,2025-09-15:971.3,2025-09-15,none,Pay EUR 971.30 in full on 15 September 2025. Paying earlier would take the balance below the EUR 400 minimum.
request_39,84140.95,affordable_later,wait,2026-04-15:208600,2026-04-15,none,"Pay INR 208,600 in full on 15 April 2026. Paying earlier would take the balance below the INR 213,400 minimum."
request_40,0,not_affordable,not_recommended,none,,none,"Do not make this payment by 15 August 2024. None of the available options keeps the EUR 1,500 minimum protected."
request_41,11597655.07,affordable_later,wait,2025-12-15:38760000,2025-12-15,none,"Pay IDR 38,760,000 in full on 15 December 2025. Paying earlier would take the balance below the IDR 25,366,600 minimum."
request_42,52100,affordable_now,full_payment,2026-01-05:52100,2026-01-05,none,"Pay INR 52,100 today. This leaves at least INR 170,135.80 available over the next 90 days."
request_43,8344740.52,affordable_later,wait,2024-11-15:43339000,2024-11-15,none,"Pay IDR 43,339,000 in full on 15 November 2024. Paying earlier would take the balance below the IDR 21,398,000 minimum."
request_44,0,not_affordable,not_recommended,none,,none,"Do not make this payment by 15 April 2025. None of the available options keeps the INR 82,900 minimum protected."
request_45,4383045.43,affordable_later,wait,2026-08-15:21983000,2026-08-15,none,"Pay IDR 21,983,000 in full on 15 August 2026. Paying earlier would take the balance below the IDR 11,149,800 minimum."
request_46,48080.55,affordable_with_plan,partial_payment,2024-12-03:48080.55|2024-12-15:1369.45,2024-12-15,none,"Pay INR 48,080.55 today and the remaining INR 1,369.45 on 15 December 2024. This completes the full request and keeps the INR 84,000 minimum protected."
request_47,31971867.01,affordable_with_plan,full_payment,2025-05-05:38114000,,reduce_to:event_4406:770450|stop:event_4340,"Reduce the expense event_4406 to IDR 770450 and Stop the expense event_4340, then pay IDR 38,114,000 today. This leaves at least IDR 30,049,000 available."
request_48,45700,affordable_now,full_payment,2026-07-25:45700,2026-07-25,none,"Pay INR 45,700 today. This leaves at least INR 100,550.01 available over the next 90 days."
request_49,13479673.29,affordable_with_plan,installments,2024-03-18:11902106.67|2024-04-18:11902106.67|2024-05-19:11902106.67,2024-05-15,none,"Use 3 installments of IDR 11,902,106.67, starting 18 March 2024. This leaves at least IDR 27,255,205.92 available."
request_50,43900,affordable_now,full_payment,2025-08-06:43900,2025-08-06,none,"Pay INR 43,900 today. This leaves at least INR 162,035.60 available over the next 90 days."
request_51,2191000,affordable_now,full_payment,2026-01-03:2191000,2026-01-03,none,"Pay IDR 2,191,000 today. This leaves at least IDR 19,711,125.55 available over the next 90 days."
request_52,22063.42,affordable_later,wait,2024-06-15:28870,2024-06-15,none,"Pay INR 28,870 in full on 15 June 2024. Paying earlier would take the balance below the INR 41,500 minimum."
request_53,622.92,affordable_with_plan,installments,2025-11-21:589.06|2025-12-19:589.06|2026-01-16:589.06,2025-12-15,none,"Use 3 installments of USD 589.06, starting 21 November 2025. This leaves at least USD 2,722.92 available."
request_54,6607.67,not_affordable,not_recommended,none,,none,"Do not proceed with the ZAR 121,528 request. Although ZAR 6,607.67 is available today, the full amount cannot be completed safely within 90 days."
request_55,129230.81,affordable_with_plan,installments,2026-06-11:75781.33|2026-07-12:75781.33|2026-08-12:75781.33,2026-06-15,none,"Use 3 installments of INR 75,781.33, starting 11 June 2026. This leaves at least INR 177,749.48 available."
request_56,778.78,affordable_with_plan,partial_payment,2025-02-03:778.78|2025-02-15:102.78,2025-02-15,none,"Pay USD 778.78 today and the remaining USD 102.78 on 15 February 2025. This completes the full request and keeps the USD 2,100 minimum protected."
request_57,15164.33,affordable_later,wait,2026-05-15:61446,2026-05-15,none,"Pay ZAR 61,446 in full on 15 May 2026. Paying earlier would take the balance below the ZAR 42,700 minimum."
request_58,16226000,affordable_now,full_payment,2024-12-07:16226000,2024-12-07,none,"Pay IDR 16,226,000 today. This leaves at least IDR 23,141,002.11 available over the next 90 days."
request_59,140600,affordable_with_plan,installments,2025-05-07:48741.33|2025-06-04:48741.33|2025-07-02:48741.33,2025-05-04,none,"Use 3 installments of INR 48,741.33, starting 7 May 2025. This leaves at least INR 285,358.24 available."
request_60,183.63,affordable_later,wait,2026-01-15:199.89,2026-01-15,none,Pay USD 199.89 in full on 15 January 2026. Paying earlier would take the balance below the USD 400 minimum.
request_61,29062,affordable_with_plan,installments,2024-03-17:10074.83|2024-04-17:10074.83|2024-05-18:10074.83,2024-03-03,none,"Use 3 installments of ZAR 10,074.83, starting 17 March 2024. This leaves at least ZAR 54,495.21 available."
request_62,404.23,affordable_now,full_payment,2025-08-05:404.23,2025-08-05,none,"Pay USD 404.23 today. This leaves at least USD 4,392.38 available over the next 90 days."
request_63,59497.64,affordable_with_plan,partial_payment,2026-07-07:59497.64|2026-09-15:284402.36,2026-09-15,none,"Pay INR 59,497.64 today and the remaining INR 284,402.36 on 15 September 2026. This completes the full request and keeps the INR 153,500 minimum protected."
request_64,0,not_affordable,not_recommended,none,,none,"Do not make this payment by 16 August 2024. None of the available options keeps the INR 36,100 minimum protected."
request_65,7267.71,not_affordable,not_recommended,none,,none,"Do not proceed with the ZAR 54,340 request. Although ZAR 7,267.71 is available today, the full amount cannot be completed safely within 90 days."
request_66,22200,affordable_now,full_payment,2026-04-03:22200,2026-04-03,none,"Pay INR 22,200 today. This leaves at least INR 248,244 available over the next 90 days."
request_67,535.18,affordable_later,wait,2024-10-15:2094,2024-10-15,none,"Pay USD 2,094 in full on 15 October 2024. Paying earlier would take the balance below the USD 1,200 minimum."
request_68,0,not_affordable,not_recommended,none,,none,"Do not make this payment by 16 April 2025. None of the available options keeps the USD 1,500 minimum protected."
request_69,529.1,affordable_now,full_payment,2026-01-04:529.1,2026-01-04,none,Pay EUR 529.10 today. This leaves at least EUR 834.82 available over the next 90 days.
request_70,61135.81,affordable_later,wait,2025-01-15:243900,2025-01-15,none,"Pay INR 243,900 in full on 15 January 2025. Paying earlier would take the balance below the INR 115,000 minimum."
request_71,2217740.02,affordable_later,wait,2025-07-15:21451000,2025-07-15,none,"Pay IDR 21,451,000 in full on 15 July 2025. Paying earlier would take the balance below the IDR 8,884,800 minimum."
request_72,0,not_affordable,not_recommended,none,,none,"Do not make this payment by 14 July 2026. None of the available options keeps the ZAR 12,200 minimum protected."
request_73,71400,affordable_now,full_payment,2023-01-20:71400,2023-01-20,none,"Pay INR 71,400 today. This leaves at least INR 135,398.64 available over the next 90 days."
request_74,5010,affordable_now,full_payment,2025-08-04:5010,2025-08-04,none,"Pay ZAR 5,010 today. This leaves at least ZAR 39,937.11 available over the next 90 days."
request_75,28270,affordable_with_plan,installments,2026-04-09:9800.27|2026-05-09:9800.27|2026-06-08:9800.27,2026-04-06,none,"Use 3 installments of ZAR 9,800.27, starting 9 April 2026. This leaves at least ZAR 47,867.71 available."
request_76,1103.56,not_affordable,not_recommended,none,,none,"Do not proceed with the USD 4,455.60 request. Although USD 1,103.56 is available today, the full amount cannot be completed safely within 90 days."
request_77,60700,affordable_now,full_payment,2025-11-05:60700,2025-11-05,none,"Pay INR 60,700 today. This leaves at least INR 88,125.57 available over the next 90 days."
request_78,50200,affordable_now,full_payment,2025-10-02:50200,2025-10-02,none,"Pay INR 50,200 today. This leaves at least INR 64,500.66 available over the next 90 days."
request_79,483.32,not_affordable,not_recommended,none,2024-11-15,none,"Do not proceed with the EUR 2,151.60 request. Although EUR 483.32 is available today, the full amount cannot be completed safely within 90 days."
request_80,118112.51,not_affordable,not_recommended,none,,none,"Do not proceed with the INR 217,500 request. Although INR 118,112.51 is available today, the full amount cannot be completed safely within 90 days."
request_81,2076,affordable_now,full_payment,2026-07-03:2076,2026-07-03,none,"Pay USD 2,076 today. This leaves at least USD 1,898.91 available over the next 90 days."
request_82,541.67,affordable_later,wait,2024-12-15:1405.2,2024-12-15,none,"Pay USD 1,405.20 in full on 15 December 2024. Paying earlier would take the balance below the USD 1,100 minimum."
request_83,0,not_affordable,not_recommended,none,,none,"Do not make this payment by 17 June 2025. None of the available options keeps the INR 37,800 minimum protected."
request_84,29924.33,affordable_later,wait,2026-05-15:95400,2026-05-15,none,"Pay INR 95,400 in full on 15 May 2026. Paying earlier would take the balance below the INR 91,300 minimum."
request_85,863961.67,not_affordable,not_recommended,none,,none,"Do not proceed with the IDR 19,304,000 request. Although IDR 863,961.67 is available today, the full amount cannot be completed safely within 90 days."
request_86,28934.34,not_affordable,not_recommended,none,,none,"Do not proceed with the INR 46,300 request. Although INR 28,934.34 is available today, the full amount cannot be completed safely within 90 days."
request_87,0,not_affordable,not_recommended,none,,none,"Do not make this payment by 15 March 2026. None of the available options keeps the INR 185,900 minimum protected."
request_88,11959.79,affordable_with_plan,installments,2024-06-14:9045.23|2024-07-15:9045.23|2024-08-15:9045.23,2024-06-15,none,"Use 3 installments of ZAR 9,045.23, starting 14 June 2024. This leaves at least ZAR 28,714.56 available."
request_89,10514891.2,affordable_with_plan,installments,2025-11-18:4768746.67|2025-12-16:4768746.67|2026-01-13:4768746.67,2025-11-15,none,"Use 3 installments of IDR 4,768,746.67, starting 18 November 2025. This leaves at least IDR 22,070,471.89 available."
request_90,2560,affordable_now,full_payment,2026-07-06:2560,2026-07-06,none,"Pay ZAR 2,560 today. This leaves at least ZAR 27,038.58 available over the next 90 days."
request_91,902.29,affordable_later,wait,2024-09-15:1927.2,2024-09-15,none,"Pay EUR 1,927.20 in full on 15 September 2024. Paying earlier would take the balance below the EUR 2,100 minimum."
request_92,34034,affordable_now,full_payment,2025-02-05:34034,2025-02-05,none,"Pay ZAR 34,034 today. This leaves at least ZAR 33,026.90 available over the next 90 days."
request_93,1729.2,affordable_now,full_payment,2026-04-07:1729.2,2026-04-07,none,"Pay USD 1,729.20 today. This leaves at least USD 2,094.78 available over the next 90 days."
request_94,572,affordable_now,full_payment,2024-12-04:572,2024-12-04,none,Pay EUR 572 today. This leaves at least EUR 658.85 available over the next 90 days.
request_95,0,not_affordable,not_recommended,none,,none,"Do not make this payment by 14 July 2025. None of the available options keeps the INR 145,500 minimum protected."
request_96,37081.78,not_affordable,not_recommended,none,,none,"Do not proceed with the INR 90,200 request. Although INR 37,081.78 is available today, the full amount cannot be completed safely within 90 days."
request_97,2960.25,affordable_with_plan,installments,2024-03-19:8145.28|2024-04-19:8145.28|2024-05-20:8145.28,2024-04-15,none,"Use 3 installments of ZAR 8,145.28, starting 19 March 2024. This leaves at least ZAR 32,660.25 available."
request_98,11277.72,affordable_later,wait,2025-08-15:27148,2025-08-15,none,"Pay ZAR 27,148 in full on 15 August 2025. Paying earlier would take the balance below the ZAR 30,000 minimum."
request_99,18062,affordable_now,full_payment,2026-07-04:18062,2026-07-04,none,"Pay ZAR 18,062 today. This leaves at least ZAR 51,273.16 available over the next 90 days."
request_100,29616.17,affordable_with_plan,installments,2024-06-13:12866.19|2024-07-14:12866.19|2024-08-14:12866.19,2024-06-15,none,"Use 3 installments of ZAR 12,866.19, starting 13 June 2024. This leaves at least ZAR 49,249.98 available."
request_101,143500,affordable_now,full_payment,2025-11-03:143500,2025-11-03,none,"Pay INR 143,500 today. This leaves at least INR 210,225.18 available over the next 90 days."
request_102,1716,affordable_with_plan,installments,2026-04-05:594.88|2026-05-05:594.88|2026-06-04:594.88,2026-04-05,none,"Use 3 installments of EUR 594.88, starting 5 April 2026. This leaves at least EUR 1,244.36 available."
request_103,18307.35,not_affordable,not_recommended,none,,none,"Do not proceed with the INR 368,300 request. Although INR 18,307.35 is available today, the full amount cannot be completed safely within 90 days."
request_104,17204,affordable_now,full_payment,2025-02-04:17204,2025-02-04,none,"Pay ZAR 17,204 today. This leaves at least ZAR 31,849.71 available over the next 90 days."
request_105,53500,affordable_now,full_payment,2026-06-08:53500,2026-06-08,none,"Pay INR 53,500 today. This leaves at least INR 82,851.89 available over the next 90 days."
request_106,539.84,affordable_later,wait,2025-01-15:2207.7,2025-01-15,none,"Pay EUR 2,207.70 in full on 15 January 2025. Paying earlier would take the balance below the EUR 1,200 minimum."
request_107,0,not_affordable,not_recommended,none,,none,"Do not make this payment by 4 July 2025. None of the available options keeps the EUR 1,600 minimum protected."
request_108,3642.19,not_affordable,not_recommended,none,,none,"Do not proceed with the ZAR 55,308 request. Although ZAR 3,642.19 is available today, the full amount cannot be completed safely within 90 days."
request_109,806.72,affordable_with_plan,installments,2024-03-18:645.98|2024-04-18:645.98|2024-05-19:645.98,2024-03-15,none,"Use 3 installments of EUR 645.98, starting 18 March 2024. This leaves at least EUR 2,506.72 available."
request_110,22352,affordable_with_plan,installments,2025-08-06:7748.69|2025-09-03:7748.69|2025-10-01:7748.69,2025-08-06,none,"Use 3 installments of ZAR 7,748.69, starting 6 August 2025. This leaves at least ZAR 12,664.89 available."
request_111,16625000,affordable_now,full_payment,2026-04-03:16625000,2026-04-03,none,"Pay IDR 16,625,000 today. This leaves at least IDR 37,399,398.87 available over the next 90 days."
request_112,0,not_affordable,not_recommended,none,,none,Do not make this payment by 14 June 2024. None of the available options keeps the EUR 500 minimum protected.
request_113,36500,affordable_now,full_payment,2026-09-04:36500,2026-09-04,none,"Pay INR 36,500 today. This leaves at least INR 83,105.49 available over the next 90 days."
request_114,65300,affordable_now,full_payment,2026-01-04:65300,2026-01-04,none,"Pay INR 65,300 today. This leaves at least INR 129,540.74 available over the next 90 days."
request_115,16803.84,affordable_later,wait,2024-10-15:80500,2024-10-15,none,"Pay INR 80,500 in full on 15 October 2024. Paying earlier would take the balance below the INR 38,800 minimum."
request_116,22660.73,not_affordable,not_recommended,none,,none,"Do not proceed with the INR 241,200 request. Although INR 22,660.73 is available today, the full amount cannot be completed safely within 90 days."
request_117,880,affordable_now,full_payment,2026-07-05:880,2026-07-05,none,"Pay EUR 880 today. This leaves at least EUR 1,017.86 available over the next 90 days."
request_118,718.12,affordable_with_plan,installments,2024-12-07:255.87|2025-01-07:255.87|2025-02-07:255.87,2024-12-15,none,"Use 3 installments of EUR 255.87, starting 7 December 2024. This leaves at least EUR 1,062.25 available."
request_119,0,not_affordable,not_recommended,none,,none,"Do not make this payment by 17 July 2025. None of the available options keeps the INR 151,200 minimum protected."
request_120,7714000,affordable_now,full_payment,2026-04-06:7714000,2026-04-06,none,"Pay IDR 7,714,000 today. This leaves at least IDR 21,973,300.81 available over the next 90 days."
request_121,633.6,affordable_now,full_payment,2024-03-03:633.6,2024-03-03,none,Pay USD 633.60 today. This leaves at least USD 927.12 available over the next 90 days.
request_122,20558000,affordable_with_plan,installments,2025-08-05:7126773.33|2025-09-02:7126773.33|2025-09-30:7126773.33,2025-08-05,none,"Use 3 installments of IDR 7,126,773.33, starting 5 August 2025. This leaves at least IDR 36,799,889.17 available."
request_123,4076000,affordable_now,full_payment,2026-01-07:4076000,2026-01-07,none,"Pay IDR 4,076,000 today. This leaves at least IDR 32,502,593.56 available over the next 90 days."
request_124,1497.09,affordable_with_plan,installments,2024-06-11:1076.12|2024-07-12:1076.12|2024-08-12:1076.12,2024-07-15,none,"Use 3 installments of EUR 1,076.12, starting 11 June 2024. This leaves at least EUR 2,020.97 available."
request_125,6468,affordable_now,full_payment,2025-11-06:6468,2025-11-06,none,"Pay ZAR 6,468 today. This leaves at least ZAR 11,550.12 available over the next 90 days."
request_126,93925.24,not_affordable,not_recommended,none,,none,"Do not proceed with the INR 159,600 request. Although INR 93,925.24 is available today, the full amount cannot be completed safely within 90 days."
request_127,0,not_affordable,not_recommended,none,,none,"Do not make this payment by 18 October 2024. None of the available options keeps the ZAR 41,000 minimum protected."
request_128,25168,affordable_now,full_payment,2025-02-07:25168,2025-02-07,none,"Pay ZAR 25,168 today. This leaves at least ZAR 46,948.77 available over the next 90 days."
request_129,159.01,not_affordable,not_recommended,none,,none,"Do not proceed with the USD 2,668.80 request. Although USD 159.01 is available today, the full amount cannot be completed safely within 90 days."
request_130,580.86,affordable_later,wait,2025-01-15:1978.8,2025-01-15,none,"Pay USD 1,978.80 in full on 15 January 2025. Paying earlier would take the balance below the USD 1,400 minimum."
request_131,0,not_affordable,not_recommended,none,,none,"Do not make this payment by 8 July 2025. None of the available options keeps the USD 1,100 minimum protected."
request_132,379.86,affordable_now,full_payment,2026-01-05:379.86,2026-01-05,none,"Pay USD 379.86 today. This leaves at least USD 1,136.23 available over the next 90 days."
request_133,0,not_affordable,not_recommended,none,,none,"Do not make this payment by 29 March 2024. None of the available options keeps the IDR 9,986,200 minimum protected."
request_134,7407746.83,affordable_later,wait,2025-09-15:21831000,2025-09-15,none,"Pay IDR 21,831,000 in full on 15 September 2025. Paying earlier would take the balance below the IDR 15,902,500 minimum."
request_135,304.8,affordable_now,full_payment,2026-07-06:304.8,2026-07-06,none,Pay USD 304.80 today. This leaves at least USD 532.94 available over the next 90 days.
request_136,560.4,affordable_now,full_payment,2024-06-03:560.4,2024-06-03,none,"Pay USD 560.40 today. This leaves at least USD 1,223.45 available over the next 90 days."
request_137,37380.24,affordable_later,wait,2025-12-15:80100,2025-12-15,none,"Pay INR 80,100 in full on 15 December 2025. Paying earlier would take the balance below the INR 71,800 minimum."
request_138,864.63,affordable_with_plan,partial_payment,2026-04-07:864.63|2026-04-15:392.31,2026-04-15,none,"Pay EUR 864.63 today and the remaining EUR 392.31 on 15 April 2026. This completes the full request and keeps the EUR 2,300 minimum protected."
request_139,1645.84,affordable_with_plan,installments,2024-09-07:802.88|2024-10-08:802.88|2024-11-08:802.88,2024-09-15,none,"Use 3 installments of USD 802.88, starting 7 September 2024. This leaves at least USD 2,342.96 available."
request_140,0,not_affordable,not_recommended,none,,none,"Do not make this payment by 4 March 2025. None of the available options keeps the ZAR 21,600 minimum protected."
request_141,33517.85,not_affordable,not_recommended,none,2026-03-15,none,"Do not proceed with the INR 171,600 request. Although INR 33,517.85 is available today, the full amount cannot be completed safely within 90 days."
request_142,1263.6,affordable_now,full_payment,2024-12-05:1263.6,2024-12-05,none,"Pay USD 1,263.60 today. This leaves at least USD 2,050.70 available over the next 90 days."
request_143,3896.6,affordable_later,wait,2025-06-15:12584,2025-06-15,none,"Pay ZAR 12,584 in full on 15 June 2025. Paying earlier would take the balance below the ZAR 11,300 minimum."
request_144,0,not_affordable,not_recommended,none,,none,Do not make this payment by 26 July 2026. None of the available options keeps the USD 600 minimum protected.
request_145,44001.93,affordable_with_plan,installments,2024-03-20:75365.33|2024-04-20:75365.33|2024-05-21:75365.33,2024-04-15,none,"Use 3 installments of INR 75,365.33, starting 20 March 2024. This leaves at least INR 199,401.93 available."
request_146,27847.22,not_affordable,not_recommended,none,,none,"Do not proceed with the INR 449,400 request. Although INR 27,847.22 is available today, the full amount cannot be completed safely within 90 days."
request_147,0,not_affordable,not_recommended,none,,none,Do not make this payment by 7 June 2026. None of the available options keeps the EUR 900 minimum protected.
request_148,9454.19,affordable_with_plan,installments,2024-06-14:7710.56|2024-07-15:7710.56|2024-08-15:7710.56,2024-06-15,none,"Use 3 installments of ZAR 7,710.56, starting 14 June 2024. This leaves at least ZAR 21,743.63 available."
request_149,25585.29,affordable_with_plan,installments,2025-11-18:12706.03|2025-12-16:12706.03|2026-01-13:12706.03,2025-11-15,none,"Use 3 installments of ZAR 12,706.03, starting 18 November 2025. This leaves at least ZAR 67,633.02 available."
request_150,406.79,affordable_with_plan,installments,2026-01-06:171.98|2026-02-05:171.98|2026-03-07:171.98,2026-01-15,none,"Use 3 installments of EUR 171.98, starting 6 January 2026. This leaves at least EUR 934.81 available."
request_151,26999000,affordable_now,full_payment,2024-09-03:26999000,2024-09-03,none,"Pay IDR 26,999,000 today. This leaves at least IDR 34,309,808.71 available over the next 90 days."
request_152,11953.47,affordable_with_plan,installments,2025-02-12:4812.43|2025-03-12:4812.43|2025-04-09:4812.43,2025-02-15,none,"Use 3 installments of ZAR 4,812.43, starting 12 February 2025. This leaves at least ZAR 16,723.39 available."
request_153,272.64,affordable_later,wait,2026-09-15:2830.8,2026-09-15,none,"Pay USD 2,830.80 in full on 15 September 2026. Paying earlier would take the balance below the USD 1,400 minimum."
request_154,1625.8,affordable_with_plan,installments,2024-12-04:563.61|2025-01-04:563.61|2025-02-04:563.61,2024-12-04,none,"Use 3 installments of EUR 563.61, starting 4 December 2024. This leaves at least EUR 3,624.12 available."
request_155,68646.26,not_affordable,not_recommended,none,,none,"Do not proceed with the INR 112,500 request. Although INR 68,646.26 is available today, the full amount cannot be completed safely within 90 days."
request_156,9830.86,affordable_later,wait,2026-05-15:43076,2026-05-15,none,"Pay ZAR 43,076 in full on 15 May 2026. Paying earlier would take the balance below the ZAR 26,900 minimum."
request_157,7058932.83,affordable_later,wait,2024-04-15:23503000,2024-04-15,none,"Pay IDR 23,503,000 in full on 15 April 2024. Paying earlier would take the balance below the IDR 15,714,100 minimum."
request_158,242600,affordable_with_plan,installments,2025-08-07:84101.33|2025-09-04:84101.33|2025-10-02:84101.33,2025-08-07,none,"Use 3 installments of INR 84,101.33, starting 7 August 2025. This leaves at least INR 198,411.98 available."
request_159,10336.89,not_affordable,not_recommended,none,,none,"Do not proceed with the ZAR 13,398 request. Although ZAR 10,336.89 is available today, the full amount cannot be completed safely within 90 days."
request_160,643.61,affordable_with_plan,installments,2024-06-13:432.05|2024-07-14:432.05|2024-08-14:432.05,2024-06-15,none,"Use 3 installments of EUR 432.05, starting 13 June 2024. This leaves at least EUR 1,411.56 available."
request_161,0,not_affordable,not_recommended,none,,none,"Do not make this payment by 15 January 2026. None of the available options keeps the IDR 23,010,400 minimum protected."
request_162,3198506.19,not_affordable,not_recommended,none,,none,"Do not proceed with the IDR 83,923,000 request. Although IDR 3,198,506.19 is available today, the full amount cannot be completed safely within 90 days."
request_163,11835353.03,affordable_with_plan,installments,2024-09-10:6692053.33|2024-10-11:6692053.33|2024-11-11:6692053.33,2024-09-15,none,"Use 3 installments of IDR 6,692,053.33, starting 10 September 2024. This leaves at least IDR 31,871,999.70 available."
request_164,27018000,affordable_with_plan,installments,2025-02-11:9366240|2025-03-11:9366240|2025-04-08:9366240,2025-02-04,none,"Use 3 installments of IDR 9,366,240, starting 11 February 2025. This leaves at least IDR 52,842,670.37 available."
request_165,80600,affordable_now,full_payment,2026-04-06:80600,2026-04-06,none,"Pay INR 80,600 today. This leaves at least INR 137,126.42 available over the next 90 days."
request_166,2907.6,affordable_with_plan,installments,2024-12-03:1007.97|2025-01-03:1007.97|2025-02-03:1007.97,2024-12-03,none,"Use 3 installments of USD 1,007.97, starting 3 December 2024. This leaves at least USD 2,491.60 available."
request_167,0,not_affordable,not_recommended,none,,none,"Do not make this payment by 31 May 2025. None of the available options keeps the ZAR 31,200 minimum protected."
request_168,43454.63,affordable_with_plan,partial_payment,2026-01-07:43454.63|2026-01-15:5925.37,2026-01-15,none,"Pay INR 43,454.63 today and the remaining INR 5,925.37 on 15 January 2026. This completes the full request and keeps the INR 114,400 minimum protected."
request_169,41976,affordable_now,full_payment,2024-03-04:41976,2024-03-04,none,"Pay ZAR 41,976 today. This leaves at least ZAR 26,714.22 available over the next 90 days."
request_170,33000009.23,affordable_with_plan,installments,2025-08-06:12804480|2025-09-03:12804480|2025-10-01:12804480,2025-08-15,none,"Use 3 installments of IDR 12,804,480, starting 6 August 2025. This leaves at least IDR 44,911,329.23 available."
request_171,68.21,not_affordable,not_recommended,none,,none,"Do not proceed with the EUR 1,878.80 request. Although EUR 68.21 is available today, the full amount cannot be completed safely within 90 days."
request_172,10200,affordable_with_plan,installments,2024-06-05:5304|2024-07-03:5304,2024-06-05,none,"Use 2 installments of ZAR 5,304, starting 5 June 2024. This leaves at least ZAR 33,134.74 available."
request_173,61952.97,affordable_with_plan,installments,2025-11-21:39173.33|2025-12-19:39173.33|2026-01-16:39173.33,2025-12-15,none,"Use 3 installments of INR 39,173.33, starting 21 November 2025. This leaves at least INR 139,526.77 available."
request_174,1146.2,affordable_with_plan,installments,2026-04-04:397.35|2026-05-04:397.35|2026-06-03:397.35,2026-04-04,none,"Use 3 installments of EUR 397.35, starting 4 April 2026. This leaves at least EUR 2,738.88 available."
request_175,2346.3,affordable_now,full_payment,2024-09-06:2346.3,2024-09-06,none,"Pay EUR 2,346.30 today. This leaves at least EUR 2,248.86 available over the next 90 days."
request_176,469.33,not_affordable,not_recommended,none,,none,"Do not proceed with the EUR 1,239.70 request. Although EUR 469.33 is available today, the full amount cannot be completed safely within 90 days."
request_177,1017.6,affordable_now,full_payment,2026-01-05:1017.6,2026-01-05,none,"Pay USD 1,017.60 today. This leaves at least USD 1,528.39 available over the next 90 days."
request_178,2938.1,affordable_with_plan,installments,2024-12-07:1018.54|2025-01-07:1018.54|2025-02-07:1018.54,2024-12-07,none,"Use 3 installments of EUR 1,018.54, starting 7 December 2024. This leaves at least EUR 1,946 available."
request_179,12899748.71,affordable_later,wait,2025-06-15:41648000,2025-06-15,none,"Pay IDR 41,648,000 in full on 15 June 2025. Paying earlier would take the balance below the IDR 41,430,800 minimum."
request_180,0,not_affordable,not_recommended,none,,none,"Do not make this payment by 2 September 2026. None of the available options keeps the INR 37,300 minimum protected."
request_181,695.04,affordable_later,wait,2024-05-15:5059.2,2024-05-15,none,"Pay USD 5,059.20 in full on 15 May 2024. Paying earlier would take the balance below the USD 2,000 minimum."
request_182,65714,affordable_now,full_payment,2025-08-05:65714,2025-08-05,none,"Pay ZAR 65,714 today. This leaves at least ZAR 46,111.49 available over the next 90 days."
request_183,25637089.42,affordable_with_plan,installments,2026-04-10:9313546.67|2026-05-10:9313546.67|2026-06-09:9313546.67,2026-04-15,none,"Use 3 installments of IDR 9,313,546.67, starting 10 April 2026. This leaves at least IDR 28,201,842.75 available."
request_184,22642,not_affordable,not_recommended,none,,none,"Do not proceed with the INR 251,900 request. Although INR 22,642 is available today, the full amount cannot be completed safely within 90 days."
request_185,418.8,affordable_later,wait,2025-12-15:1257.3,2025-12-15,none,"Pay EUR 1,257.30 in full on 15 December 2025. Paying earlier would take the balance below the EUR 1,300 minimum."
request_186,7512.99,affordable_later,wait,2026-02-15:26554,2026-02-15,none,"Pay ZAR 26,554 in full on 15 February 2026. Paying earlier would take the balance below the ZAR 22,000 minimum."
request_187,45013.5,affordable_later,wait,2024-10-15:187500,2024-10-15,none,"Pay INR 187,500 in full on 15 October 2024. Paying earlier would take the balance below the INR 128,300 minimum."
request_188,143.72,not_affordable,not_recommended,none,,none,"Do not proceed with the EUR 2,464 request. Although EUR 143.72 is available today, the full amount cannot be completed safely within 90 days."
request_189,488.4,affordable_now,full_payment,2026-07-04:488.4,2026-07-04,none,Pay EUR 488.40 today. This leaves at least EUR 515.69 available over the next 90 days.
request_190,717.85,affordable_later,wait,2025-01-15:2557.5,2025-01-15,none,"Pay EUR 2,557.50 in full on 15 January 2025. Paying earlier would take the balance below the EUR 1,600 minimum."
request_191,664.4,affordable_now,full_payment,2025-05-03:664.4,2025-05-03,none,Pay EUR 664.40 today. This leaves at least EUR 656.82 available over the next 90 days.
request_192,221.77,affordable_later,wait,2026-06-15:2046,2026-06-15,none,"Pay USD 2,046 in full on 15 June 2026. Paying earlier would take the balance below the USD 1,000 minimum."
request_193,67.59,affordable_with_plan,installments,2024-03-21:420.23|2024-04-21:420.23|2024-05-22:420.23,2024-04-15,none,"Use 3 installments of EUR 420.23, starting 21 March 2024. This leaves at least EUR 1,067.59 available."
request_194,0,not_affordable,not_recommended,none,,none,"Do not make this payment by 23 October 2025. None of the available options keeps the INR 113,600 minimum protected."
request_195,1101.6,affordable_with_plan,installments,2026-01-09:405.74|2026-02-08:405.74|2026-03-10:405.74,2026-01-15,none,"Use 3 installments of EUR 405.74, starting 9 January 2026. This leaves at least EUR 1,395.86 available."
request_196,762.3,affordable_now,full_payment,2024-06-03:762.3,2024-06-03,none,Pay EUR 762.30 today. This leaves at least EUR 696.34 available over the next 90 days.
request_197,0,not_affordable,not_recommended,none,,none,"Do not make this payment by 21 January 2026. None of the available options keeps the IDR 26,245,900 minimum protected."
request_198,185800,affordable_now,full_payment,2026-07-07:185800,2026-07-07,none,"Pay INR 185,800 today. This leaves at least INR 168,094.41 available over the next 90 days."
request_199,23674000,affordable_with_plan,installments,2024-09-07:8206986.67|2024-10-08:8206986.67|2024-11-08:8206986.67,2024-09-04,none,"Use 3 installments of IDR 8,206,986.67, starting 7 September 2024. This leaves at least IDR 125,793,470.87 available."
request_200,21717000,affordable_now,full_payment,2025-02-06:21717000,2025-02-06,none,"Pay IDR 21,717,000 today. This leaves at least IDR 25,754,698.89 available over the next 90 days."
request_201,23997000,affordable_now,full_payment,2026-04-03:23997000,2026-04-03,none,"Pay IDR 23,997,000 today. This leaves at least IDR 22,510,505.36 available over the next 90 days."
request_202,123900,affordable_now,full_payment,2024-12-05:123900,2024-12-05,none,"Pay INR 123,900 today. This leaves at least INR 179,459.48 available over the next 90 days."
request_203,1442.1,affordable_with_plan,installments,2025-05-10:499.93|2025-06-07:499.93|2025-07-05:499.93,2025-05-07,none,"Use 3 installments of EUR 499.93, starting 10 May 2025. This leaves at least EUR 2,927.55 available."
request_204,0,not_affordable,not_recommended,none,,none,"Do not make this payment by 31 January 2026. None of the available options keeps the EUR 1,300 minimum protected."
request_205,10621000,affordable_now,full_payment,2024-03-06:10621000,2024-03-06,none,"Pay IDR 10,621,000 today. This leaves at least IDR 17,426,414.08 available over the next 90 days."
request_206,1404.7,affordable_with_plan,installments,2025-08-03:486.96|2025-08-31:486.96|2025-09-28:486.96,2025-08-03,none,"Use 3 installments of EUR 486.96, starting 3 August 2025. This leaves at least EUR 1,812.73 available."
request_207,6005.39,affordable_later,wait,2026-07-15:11830,2026-07-15,none,"Pay ZAR 11,830 in full on 15 July 2026. Paying earlier would take the balance below the ZAR 13,600 minimum."
request_208,3926253.6,affordable_later,wait,2024-06-15:4413000,2024-06-15,none,"Pay IDR 4,413,000 in full on 15 June 2024. Paying earlier would take the balance below the IDR 10,470,700 minimum."
request_209,2414.67,not_affordable,not_recommended,none,,none,"Do not proceed with the ZAR 56,914 request. Although ZAR 2,414.67 is available today, the full amount cannot be completed safely within 90 days."
request_210,954.88,affordable_with_plan,partial_payment,2026-04-06:954.88|2026-04-15:405.14,2026-04-15,none,"Pay USD 954.88 today and the remaining USD 405.14 on 15 April 2026. This completes the full request and keeps the USD 2,000 minimum protected."
request_211,462.29,affordable_later,wait,2024-10-15:1788.6,2024-10-15,none,"Pay EUR 1,788.60 in full on 15 October 2024. Paying earlier would take the balance below the EUR 1,500 minimum."
request_212,0,not_affordable,not_recommended,none,,none,"Do not make this payment by 28 February 2025. None of the available options keeps the IDR 29,579,800 minimum protected."
request_213,3362.4,affordable_with_plan,installments,2026-01-21:1165.63|2026-02-20:1165.63|2026-03-22:1165.63,2026-01-07,none,"Use 3 installments of USD 1,165.63, starting 21 January 2026. This leaves at least USD 4,452.21 available."
request_214,65411.69,affordable_with_plan,partial_payment,2024-12-04:65411.69|2024-12-15:4338.31,2024-12-15,none,"Pay INR 65,411.69 today and the remaining INR 4,338.31 on 15 December 2024. This completes the full request and keeps the INR 174,900 minimum protected."
request_215,29986,affordable_with_plan,installments,2025-05-09:10395.15|2025-06-06:10395.15|2025-07-04:10395.15,2025-05-06,none,"Use 3 installments of ZAR 10,395.15, starting 9 May 2025. This leaves at least ZAR 33,910.78 available."
request_216,627.06,affordable_later,wait,2026-08-15:3332.4,2026-08-15,none,"Pay USD 3,332.40 in full on 15 August 2026. Paying earlier would take the balance below the USD 1,800 minimum."
request_217,21893.03,affordable_with_plan,installments,2024-03-19:12889.07|2024-04-19:12889.07|2024-05-20:12889.07,2024-04-15,none,"Use 3 installments of ZAR 12,889.07, starting 19 March 2024. This leaves at least ZAR 48,693.03 available."
request_218,27499798.58,affordable_with_plan,installments,2025-08-07:21195893.33|2025-09-04:21195893.33|2025-10-02:21195893.33,2025-09-15,none,"Use 3 installments of IDR 21,195,893.33, starting 7 August 2025. This leaves at least IDR 40,781,105.25 available."
request_219,0,not_affordable,not_recommended,none,,none,"Do not make this payment by 13 June 2026. None of the available options keeps the EUR 1,100 minimum protected."
request_220,160.58,not_affordable,not_recommended,none,,none,"Do not proceed with the EUR 3,118.50 request. Although EUR 160.58 is available today, the full amount cannot be completed safely within 90 days."
request_221,109800,affordable_now,full_payment,2025-11-03:109800,2025-11-03,none,"Pay INR 109,800 today. This leaves at least INR 110,086.76 available over the next 90 days."
request_222,34078,affordable_now,full_payment,2026-01-05:34078,2026-01-05,none,"Pay ZAR 34,078 today. This leaves at least ZAR 44,629.39 available over the next 90 days."
request_223,898.7,affordable_now,full_payment,2024-09-07:898.7,2024-09-07,none,"Pay EUR 898.70 today. This leaves at least EUR 1,052.82 available over the next 90 days."
request_224,10327000,affordable_with_plan,installments,2025-02-04:5370040|2025-03-04:5370040,2025-02-04,none,"Use 2 installments of IDR 5,370,040, starting 4 February 2025. This leaves at least IDR 28,898,130.85 available."
request_225,12200104.79,affordable_with_plan,installments,2026-07-20:7647120|2026-08-19:7647120|2026-09-18:7647120,2026-07-15,none,"Use 3 installments of IDR 7,647,120, starting 20 July 2026. This leaves at least IDR 29,870,804.79 available."
request_226,157000,affordable_now,full_payment,2024-12-03:157000,2024-12-03,none,"Pay INR 157,000 today. This leaves at least INR 272,965.75 available over the next 90 days."
request_227,12839.03,not_affordable,not_recommended,none,,none,"Do not proceed with the INR 259,700 request. Although INR 12,839.03 is available today, the full amount cannot be completed safely within 90 days."
request_228,0,not_affordable,not_recommended,none,,none,"Do not make this payment by 30 April 2026. None of the available options keeps the IDR 26,191,200 minimum protected."
request_229,633.74,affordable_with_plan,installments,2024-03-18:529.29|2024-04-18:529.29|2024-05-19:529.29,2024-04-15,none,"Use 3 installments of EUR 529.29, starting 18 March 2024. This leaves at least EUR 1,633.74 available."
request_230,3537.6,affordable_now,full_payment,2025-08-06:3537.6,2025-08-06,none,"Pay EUR 3,537.60 today. This leaves at least EUR 4,121.31 available over the next 90 days."
request_231,34457.81,affordable_with_plan,installments,2026-01-06:12378.08|2026-02-05:12378.08|2026-03-07:12378.08,2026-01-15,none,"Use 3 installments of ZAR 12,378.08, starting 6 January 2026. This leaves at least ZAR 46,379.73 available."
request_232,0,not_affordable,not_recommended,none,,none,"Do not make this payment by 15 August 2024. None of the available options keeps the EUR 2,400 minimum protected."
request_233,0,not_affordable,not_recommended,none,,none,"Do not make this payment by 17 December 2025. None of the available options keeps the IDR 10,365,700 minimum protected."
request_234,243.04,affordable_later,wait,2026-08-15:1213.3,2026-08-15,none,"Pay EUR 1,213.30 in full on 15 August 2026. Paying earlier would take the balance below the EUR 700 minimum."
request_235,967.2,affordable_now,full_payment,2024-09-06:967.2,2024-09-06,none,Pay USD 967.20 today. This leaves at least USD 954.15 available over the next 90 days.
request_236,7243023.99,not_affordable,not_recommended,none,,none,"Do not proceed with the IDR 52,383,000 request. Although IDR 7,243,023.99 is available today, the full amount cannot be completed safely within 90 days."
request_237,23826000,affordable_now,full_payment,2026-04-05:23826000,2026-04-05,none,"Pay IDR 23,826,000 today. This leaves at least IDR 40,710,696.34 available over the next 90 days."
request_238,663.6,affordable_with_plan,installments,2024-12-07:230.05|2025-01-07:230.05|2025-02-07:230.05,2024-12-07,none,"Use 3 installments of USD 230.05, starting 7 December 2024. This leaves at least USD 1,553.41 available."
request_239,412.34,not_affordable,not_recommended,none,,none,"Do not proceed with the USD 642 request. Although USD 412.34 is available today, the full amount cannot be completed safely within 90 days."
request_240,0,not_affordable,not_recommended,none,,none,"Do not make this payment by 20 March 2026. None of the available options keeps the INR 52,800 minimum protected."
request_241,21052000,affordable_with_plan,installments,2024-03-17:7298026.67|2024-04-17:7298026.67|2024-05-18:7298026.67,2024-03-03,none,"Use 3 installments of IDR 7,298,026.67, starting 17 March 2024. This leaves at least IDR 30,821,801.85 available."
request_242,0,not_affordable,not_recommended,none,,none,Do not make this payment by 25 August 2025. None of the available options keeps the EUR 600 minimum protected.
request_243,17468,affordable_now,full_payment,2026-07-07:17468,2026-07-07,none,"Pay ZAR 17,468 today. This leaves at least ZAR 23,932.79 available over the next 90 days."
request_244,32203.71,not_affordable,not_recommended,none,,none,"Do not proceed with the ZAR 49,918 request. Although ZAR 32,203.71 is available today, the full amount cannot be completed safely within 90 days."
request_245,32377.13,affordable_later,wait,2025-12-15:128500,2025-12-15,none,"Pay INR 128,500 in full on 15 December 2025. Paying earlier would take the balance below the INR 94,600 minimum."
request_246,64086,affordable_with_plan,installments,2026-04-03:22216.48|2026-05-03:22216.48|2026-06-02:22216.48,2026-04-03,none,"Use 3 installments of ZAR 22,216.48, starting 3 April 2026. This leaves at least ZAR 65,561.44 available."
request_247,1059.3,affordable_now,full_payment,2024-09-05:1059.3,2024-09-05,none,"Pay EUR 1,059.30 today. This leaves at least EUR 1,563.42 available over the next 90 days."
request_248,1028.62,not_affordable,not_recommended,none,,none,"Do not proceed with the USD 1,965.60 request. Although USD 1,028.62 is available today, the full amount cannot be completed safely within 90 days."
request_249,214.4,affordable_later,wait,2026-02-15:643.2,2026-02-15,none,Pay USD 643.20 in full on 15 February 2026. Paying earlier would take the balance below the USD 600 minimum.
request_250,17762.28,not_affordable,not_recommended,none,,none,"Do not proceed with the ZAR 124,278 request. Although ZAR 17,762.28 is available today, the full amount cannot be completed safely within 90 days."
request_251,1475.86,not_affordable,not_recommended,none,,none,"Do not proceed with the EUR 1,513.60 request. Although EUR 1,475.86 is available today, the full amount cannot be completed safely within 90 days."
request_252,5932874.65,affordable_later,wait,2026-08-15:28082000,2026-08-15,none,"Pay IDR 28,082,000 in full on 15 August 2026. Paying earlier would take the balance below the IDR 15,152,200 minimum."
request_253,1534.12,affordable_with_plan,installments,2024-03-21:984.6|2024-04-21:984.6|2024-05-22:984.6,2024-04-15,none,"Use 3 installments of EUR 984.60, starting 21 March 2024. This leaves at least EUR 3,834.12 available."
request_254,824.45,affordable_later,wait,2025-09-15:3535.2,2025-09-15,none,"Pay USD 3,535.20 in full on 15 September 2025. Paying earlier would take the balance below the USD 2,500 minimum."
request_255,3345000,affordable_now,full_payment,2026-04-06:3345000,2026-04-06,none,"Pay IDR 3,345,000 today. This leaves at least IDR 33,297,745.73 available over the next 90 days."
request_256,0,not_affordable,not_recommended,none,,none,"Do not make this payment by 19 August 2024. None of the available options keeps the INR 168,600 minimum protected."
request_257,487.87,affordable_later,wait,2025-12-15:1352.4,2025-12-15,none,"Pay USD 1,352.40 in full on 15 December 2025. Paying earlier would take the balance below the USD 1,600 minimum."
request_258,1113.6,affordable_now,full_payment,2026-01-07:1113.6,2026-01-07,none,"Pay USD 1,113.60 today. This leaves at least USD 1,329.39 available over the next 90 days."
request_259,288.4,affordable_later,wait,2024-10-15:935,2024-10-15,none,Pay EUR 935 in full on 15 October 2024. Paying earlier would take the balance below the EUR 600 minimum.
request_260,8717398.67,affordable_with_plan,partial_payment,2025-02-06:8717398.67|2025-04-18:43361601.33,,reduce_to:event_23978:589000,"Reduce the expense event_23978 to IDR 589000, then pay IDR 8,717,398.67 today and the remaining IDR 43,361,601.33 on 18 April 2025. This completes the full request and keeps the IDR 20,727,700 minimum protected."
request_261,1830.4,affordable_now,full_payment,2026-07-03:1830.4,2026-07-03,none,"Pay EUR 1,830.40 today. This leaves at least EUR 1,947.58 available over the next 90 days."
request_262,9236000,affordable_now,full_payment,2024-12-05:9236000,2024-12-05,none,"Pay IDR 9,236,000 today. This leaves at least IDR 61,377,453.06 available over the next 90 days."
request_263,9414.39,not_affordable,not_recommended,none,2025-07-15,none,"Do not proceed with the ZAR 51,546 request. Although ZAR 9,414.39 is available today, the full amount cannot be completed safely within 90 days."
request_264,27291.46,affordable_later,wait,2026-05-15:111300,2026-05-15,none,"Pay INR 111,300 in full on 15 May 2026. Paying earlier would take the balance below the INR 59,500 minimum."
request_265,45970,affordable_now,full_payment,2024-03-06:45970,2024-03-06,none,"Pay INR 45,970 today. This leaves at least INR 398,293.55 available over the next 90 days."
request_266,833.76,affordable_with_plan,installments,2025-08-03:324.13|2025-08-31:324.13|2025-09-28:324.13,2025-08-15,none,"Use 3 installments of EUR 324.13, starting 3 August 2025. This leaves at least EUR 1,409.63 available."
request_267,1847.77,affordable_with_plan,installments,2026-01-08:667.33|2026-02-07:667.33|2026-03-09:667.33,2026-01-15,none,"Use 3 installments of EUR 667.33, starting 8 January 2026. This leaves at least EUR 2,680.44 available."
request_268,1134.52,affordable_with_plan,installments,2024-06-14:841.22|2024-07-15:841.22|2024-08-15:841.22,2024-07-15,none,"Use 3 installments of EUR 841.22, starting 14 June 2024. This leaves at least EUR 1,693.30 available."
request_269,0,not_affordable,not_recommended,none,,none,"Do not make this payment by 2 January 2026. None of the available options keeps the ZAR 23,100 minimum protected."
request_270,203.1,not_affordable,not_recommended,none,2026-09-15,none,"Do not proceed with the USD 3,028.80 request. Although USD 203.10 is available today, the full amount cannot be completed safely within 90 days."
request_271,18495.99,affordable_later,wait,2024-11-15:91300,2024-11-15,none,"Pay INR 91,300 in full on 15 November 2024. Paying earlier would take the balance below the INR 58,200 minimum."
request_272,6102616.21,affordable_with_plan,installments,2025-02-12:4709466.67|2025-03-12:4709466.67|2025-04-09:4709466.67,2025-02-15,none,"Use 3 installments of IDR 4,709,466.67, starting 12 February 2025. This leaves at least IDR 8,901,749.54 available."
request_273,10764260.96,affordable_with_plan,partial_payment,2026-04-07:10764260.96|2026-04-15:5096739.04,2026-04-15,none,"Pay IDR 10,764,260.96 today and the remaining IDR 5,096,739.04 on 15 April 2026. This completes the full request and keeps the IDR 18,774,600 minimum protected."
request_274,2581.68,affordable_with_plan,installments,2024-12-04:940.75|2025-01-04:940.75|2025-02-04:940.75,2024-12-15,none,"Use 3 installments of EUR 940.75, starting 4 December 2024. This leaves at least EUR 3,440.93 available."
request_275,15884000,affordable_now,full_payment,2025-05-06:15884000,2025-05-06,none,"Pay IDR 15,884,000 today. This leaves at least IDR 16,276,430.81 available over the next 90 days."
